Use_Case_Category,Mem0_Suitability,memU_Suitability,Memori_Suitability,Zep_Graphiti_Suitability
Conversational AI,Excellent,Good,Excellent,Good
AI Companions,Good,Excellent,Good,Limited
Enterprise Agents,Excellent,Limited,Excellent,Excellent
Multi-Agent Systems,Good,Limited,Excellent,Excellent
Customer Support,Excellent,Good,Good,Excellent
Healthcare Applications,Excellent,Good,Good,Excellent
Content Creation,Good,Excellent,Good,Good
Research & Analytics,Good,Limited,Good,Excellent
E-commerce,Good,Limited,Good,Excellent
Educational Systems,Excellent,Excellent,Good,Good
